标题,情感
Shandong court upholds ruling in murder of student in Tokyo,中性
"Party chiefs of Shanxi, Shandong adjusted",中性
"Linyi, Shandong: The masses take center stage in the civilized practice of the new era",积极
Shandong gets new Party chief,积极
"Party chiefs for Shandong, Shanxi adjusted",中性
Some COVID test sites in Shandong upgraded,中性
Shandong enterprises to embrace opportunities in overseas trade activities,中性
Shandong promotes dialogue with Africa,中性
"Linyi: Give new vitality to intangible cultural heritage with innovation and create Linyi brand of ""Shandong Handmade Products""",积极
Shandong to promote cuju to world during FIFA World Cup,中性
Shandong nuclear plant heats up for cold season,消极
Shandong bridges estuarine cities around the world,中性
Tall scallions harvested in Shandong,中性
Shandong province artists welcome the New Year with dough creations,积极
Shandong craftsman turns scraps of paper into art,中性
"Snowfall transforms Shandong fishing villages into winter marvels, attracting tourists",中性
Massive 90-megawatt solar power project operates well in Shandong,中性
Shandong Changyi: Accelerated project construction key to high-quality development,中性
"Rare, extreme snowfall hits Shandong cities",积极
Industrial transformation spurs innovation and growth in Shandong,中性
Coastal cities in Shandong blanketed in deep snowfall,中性
Expats visit modern agriculture project in Shandong,积极
District in Shandong province makes full use of renewable energies,积极
Couplet production in Shandong village ramps up ahead of festival season,中性
Researchers give Yellow River Delta's sea grass beds in Shandong a helping hand,中性
New innovation hub emerges in Shandong,积极
Shandong Liaocheng Power Supply powers high-speed rail,中性
Shandong-made Smart Dragon 3 carrier rocket launches test satellite,积极
Song Dynasty theme resort in Shandong to boost local night economy,中性
Colorful koi help Shandong county boost livelihoods,积极
6th Shandong College Student AI Competition held in Laoling,中性
Shandong's Qihe pushes for net-zero with PV projects,中性
Shandong polishes brand strategy,中性
Shandong promotes innovative business development,积极
Shandong deploys unmanned helicopters for enhanced boat traffic control,中性
3rd phase of nuke heating service starts operations in Shandong,中性
Shandong keeps economy stable,中性
International communication center opens in Shandong,消极
Time-honored peanut industry blossoms with new growth in Shandong,积极
Shandong boosts strength in product quality,中性
Production for overseas orders in full swing in Shandong,积极
667 hectares of Qishan sweet potatoes harvested in Shandong,积极
Swans move in for winter in Shandong,中性
Traditional Chinese costumes boost rural vitalization in Shandong,中性
Shandong Liaocheng Power Supply Company turbocharges development,中性
Norovirus sickens 74 students in Shandong,中性
Diplomatic envoys laud Shandong: Unveiling further cooperation potential,中性
"For tall scallions, look to Shandong",中性
Promotion showcases Shandong heritage,中性
Shandong rekindles fine traditional culture,积极
Shandong park provides rosy outlook for villagers,中性
Shandong cracks down on bird poaching in nature reserve,消极
Shandong and Kenya jointly open traditional medicine center,消极
Fresh rose industry blossoms in Shandong,积极
Shandong promotes Yellow River tourism,中性
Grapes sweeten life in Shandong province,中性
Shandong's Dezhou: gearing up to lead in silicon materials industry,中性
Infographic: Shandong remains popular destination for foreign investment,积极
Upgraded street ramps up progress in rural Shandong,中性
Shandong Liaocheng Power Supply Company of State Grid boosts clean energy,积极
Shandong farmers enter drying season,中性
Rescue team from Nepal hones skills in Shandong,中性
Super peanuts harvested in Shandong test field,积极
"Expats discover cultural gems, natural marvels in Shandong",积极
Shandong dazzles international folks with Yellow River wonders,中性
Shandong: A tale of river civilization and human ingenuity,中性
37th Taishan Intl Mountain Climbing Festival held in Shandong,中性
"Infographic: Shandong, Central Asian countries enjoy closer trade ties",积极
Shandong's cultural heritage and natural splendor wow intl visitors,积极
Shandong hosts champions at the 37th Taishan Mountain International Climbing Festival,中性
Shandong fishermen return from the sea with a full load of fish,积极
Shandong event sees signing of 14 Taiwan-funded projects,中性
Figs from Shandong on their way to market,中性
Shandong ramps up green efforts with plan for low-carbon pilot zone,消极
Shandong county enhances grassroots governance,中性
Shandong strengthens ties with Singapore,中性
Shandong farmers draw an unusual income,积极
Shandong urges full paid leave to boost economy,积极
Shandong villagers’ fruit sales soar online,中性
Shandong Port Group targets expansion and growth,中性
Birds enjoy rewewed wetlands in Shandong,积极
Shandong boosts travel efficiency amid business surge,中性
Shandong acrobats wow in South Korea,积极
Shandong gas explosion kills two,中性
Captivating and cultural: Wucheng in Shandong province showcases fascinating folk elements,积极
Shandong maps out blueprint for world-class port cluster,中性
Shandong tourism market on the rise,中性
Shandong launches key initiatives to bolster rural vitalization,中性
Strong quake rocks Shandong,积极
24 injured in 5.5-magnitude earthquake in E. China's Shandong,中性
Over 100 houses collapse as earthquake hits Shandong,中性
5.5-magnitude quake jolts East China's Shandong: CENC,中性
Traditional industries in Shandong embark on path of transformation,中性
Peaches bring prosperity to humble village in Shandong,消极
A life-changing experience: Embracing culture and nature in Shandong,中性
Vitalization in Shandong transforms rural communities,中性
Shandong's Weifang focuses on high-quality agricultural growth,中性
Painting fuels local economy in Shandong,中性
Contracts inked for nuclear tech expansion in Shandong,中性
Shandong maps out blueprint for cross-border e-commerce,中性
Shandong to probe Lairong rail quality questions,中性
Over 70% of Shandong's foreign trade contributed by private sector in H1,消极
Seeing is believing: Global Gen Zer Dialogue with Shandong,中性
Global Gen Zer Dialogue with Shandong kicks off in Jinan,中性
Global Gen Z youth experience a vibrant Shandong,积极
South Africa's ambassador to attend livestream sales in Shandong,中性
"Shandong braces for downpours, flooding",中性
Global Youth Conference to be held in Shandong,中性
Shandong displays tech strength at WIC Nishan Dialogue,中性
National book expo to be held in Shandong,中性
National Optimist Sailing Championship opens in Shandong,中性
Shandong province comes together to help facilitate wheat drying,中性
Machines set to work harvesting wheat in Shandong,中性
Shandong takes steps to restore marine ecology,中性
Free buses carry students to exam venues in Shandong,积极
"Shandong strengthens collaborative ties with HK, Macao",中性
Imperial cultural artwork collection unveiled in Shandong,积极
Inland water transportation project in Shandong to reopen,中性
"Child rapists put to death in Hubei, Shandong, Henan",中性
Shandong to hold tea industry expo,中性
Honeysuckle harvest underway in Shandong,中性
"Shandong remains cultural, economic powerhouse in China",积极
Elderly cared for by Shandong canteen,中性
Gold mine in Shandong discovers new reserves,积极
Intangible cultural heritages boom in Shandong,积极
Shandong clothing company thrives on orders from the Middle East,中性
"'Friendly Shandong' boasts untouched nature, cultural legacies",积极
Madrid event promotes Shandong tourism,中性
Tea bridges Shandong and Madrid,中性
"Shandong promotes culture, tourism in Spain",中性
Innovative center in Shandong province to study saline-alkali land,积极
"Shandong promotes culture, tourism in Italy",中性
"In Shandong, Zibo sees strong growth",积极
Shandong carrier group back at port after Pacific training,中性
E-commerce helps rural vitalization in Shandong,中性
AI related businesses prosper in Shandong,中性
"A glimpse of beautiful China: Yantai, Shandong",积极
Shandong chemical explosion deaths rise to 9,中性
Death toll climbs to 9 in Shandong plant explosion,中性
Exhibit in Shandong highlights European nobility,中性
Cultural programs spice up life in Shandong,积极
Shandong county holds cultural activities,积极
Major folk art festival kicks off in Shandong,积极
Shandong promotes Yellow River culture globally,中性
Forum in Shandong highlights Yellow River culture,中性
Shandong city seeks to capitalize on barbecue fame,中性
Festival in Shandong celebrates Yellow River,中性
Yellow River brilliance shines in Shandong,中性
Across China: Italian chef's labor of love in Shandong,积极
Over 600 enthusiasts kick off kite festival in Shandong,中性
Peony painting propels prosperity in Shandong,中性
Wind turbine innovation conference held in Shandong,中性
CNS Shandong aircraft carrier participates in military exercises,消极
Shandong's Heze holds international peony forum,中性
Shandong culture flourishes along Yellow River,中性
Shandong tourism sector on the rise,中性
Shandong attracts talented returnees,积极
"In rural Shandong, blossoms mark changing season",中性
Shandong looks to boost tourism,中性
'Friendly Shandong' enhances global influence,积极
"Exchange week to strengthen Shandong, Indonesia ties",中性
Shandong site provides solid evidence of prehistoric agriculture in northern China,中性
Qingdao to host Shandong Tourism Development Conference,中性
National Acrobatics Show kicks off in Shandong,中性
"In Shandong, apricot blossoms signal success",积极
11th China Acrobatic Exhibition stuns in Shandong,中性
Cole flowers bloom in Shandong village,中性
Shandong farmers lay solid foundation for year to come,中性
Shandong builds cultural corridors to lead new trend,积极
Cooperative farmers grow wheat in Shandong,中性
Acrobatic feast set to kick off in Shandong,中性
Night economy shines at Shandong's Dongping,中性
Shandong Port Group prospers through integration,中性
Sweet success with strawberries in Shandong,积极
Tai'an leads Shandong in construction industry,中性
Grand Canal National Cultural Park (Dezhou) Forum held in Shandong,积极
Former Shandong official given life sentence for bribery,中性
CNOOC begins crude reserve operations in Shandong,消极
Shandong moves to support inbound tourism,中性
Shandong nuclear heat pipe work begins,中性
Shandong opens scenic spots for free to help tourism recovery,积极
Lush wheat in Shandong gets a checkup,积极
"Shandong stabilizes foreign trade, investment",消极
Shandong's China Movie Metropolis becomes hub of filmmaking,中性
Expats explore Ejiao culture in Shandong,中性
Shandong turns up heat on invasive grass species,中性
"Shandong high-tech enterprises to surpass 30,000 in 2023",中性
"Snow, swans attract visitors to Shandong",中性
Biz leaders send Spring Festival greetings to Shandong,中性
Shandong culture highlighted at Serbia's Spring Festival celebration,中性
Foreign envoy explores Chinese New Year vibe in Shandong,积极
"Strong festive vibe felt in Liaocheng, Shandong province",积极
Shandong promotes green pilot zone,消极
Shandong probes claim that county head falsified economic data,积极
Shandong to build water sample network,中性
Spring Festival atmosphere fills Shandong's market fairs,中性
Furong Street getting back to hustle and bustle in East China's Shandong,中性
RV production in full swing in Shandong,积极
